Organization Name,Website URL
Workestrate LLC,http://workestrate.net/
Thinkspace It,http://www.thinkspaceit.com/
National Support, http://www.kcmssp.com/
SALVUS TG,LLC, http://www.salvustg.com/
Network Systems Plus Inc, http://www.netsysplus.com/
Csi, L.L.C., http://www.csinov.com/index.php
Business Computer Services Inc, http://www.tsbsol.com/
KONTEMPORARY KEYBOARDS INC, http://kkitechnolgies.com/
ELECTRIC INNOVATIONS, http://eicpro.com/
trigenttech, https://www.trigenttech.com/
PRO COMPUTER SOLUTIONS, http://www.procomputersolutions.com/
Spectral Networks Inc, http://www.spectralnetworks.net/
Compu-Tek, LLC, http://www.computekllc.com/
carpasean LLC, http://carpasean.com/
Unbreak-IT, https://unbreak-it.com/
CUSTOM TECHNOLOGY SOLUTIONS, INC, http://ctsinc-usa.com/
ADC Solutions LLC, http://adcsolutions.net/
405IT, http://www.405it.com/
The Evolutions Group, http://www.techevolutions.com/
NvYA Technology, LLC, http://www.nvyatech.com/
Aureon, http://www.aureon.com/
HubWise Technology, Inc., http://www.hubwisetech.com/
New Horizons Memphis, Tennessee, http://www.nhcentral.com/
Technology Group Solutions, LLC, http://www.tgs-mtc.com/
RUN Networks, http://www.runnetworkrun.com/
Virtual IT, http://www.govirtual-it.com/
Nimbus Logic LLC, http://nimbus-logic.com/
NETWORK TECHNOLOGIES INC, http://www.networktech.com/
Cenetric, Inc., http://www.cenetric.com/
Binnacle Technologies, https://binnacle-it.com/
TCB Networks, LLC, http://www.tcbnetworks.com/
Caltech Software Systems, Inc., https://www.caltech.com/
Regular Guy Computer Services, LLC, http://www.regularguykc.com/
Pendello Solutions, Inc., http://pendello.com/
Hanebutt Technologies, Inc., http://www.hanebutt.com/
Working Technology LLC, http://working-technology.com/
Centriq Training, http://www.centriq.com/
Inspire Data Solutions LLC, http://www.inspiredata.net/
BKD, LLP, http://www.bkd.com/technologies
Workspace Communications (Master), https://www.workspacecommunications.com/
Hbr Computer Stores Inc, http://www.hbrtech.com/
CrystalTech Web Hosting, Inc., https://www.newtekone.com/
Sagiss, LLC, https://www.sagiss.com/
Tarrant Technology, http://tarranttech.com/
High Plains Technology, http://www.hplains.com/
BBTech Solutions, Inc., http://www.bbtechsolutions.com/
Alto Consulting & Training, http://www.altoconsulting.com/
Infinet Solutions, Inc., http://www.omahait.com/
Network Data Services, Inc., http://www.nsgdv.com/
Stronghold Data, https://www.strongholddata.com/
Miken Technologies, http://www.miken.net/
Cenetric, Inc., http://www.cenetric.com/
Corus360, http://www.corus360.com/
Inspire Data Solutions LLC, http://www.inspiredata.net/
TPx Communications, https://www.tpx.com/services/managed-it/managed-office-365/
Arw Systems, LLC, http://www.viyu.net/
ThriveFast, LLC, http://www.thrivefast.com/
Livewire Technologies, Inc., http://www.livewiretechnologies.com/
HD MED-TV, http://www.cloudfirstinc.com/
BKD, LLP, http://www.bkd.com/technologies
303tech, https://303tech.com/
Wire Fire, LLC, http://wirefirellc.com/
Platinum Computer Services Inc, http://platinumcomputer.com/
QCI, http://www.qci.com/
Heartland Business Systems, LLC., http://www.hbs.net/
Optimum Networking, Inc., http://www.optimumnetworking.com/
Combined Systems Technology, Inc., http://www.cstoncall.com/
JAXON technologies, http://www.jaxontech.com/
Associated Computer Systems LTD, http://www.acsltd.com/
South Seas Data LLC, http://www.southseasdata.com/
DYMIN SYSTEMS INC, https://www.dyminsystems.com/
World Class Cloud Solutions, https://www.world-classsolutions.com/
ZERO POINT CORP, http://www.zeropointcorp.com/
Colorado Computer Support Inc, http://www.coloradosupport.com/
LammTech, http://www.lammtech.com/
Common Knowledge Technology, http://www.ck-tek.com/
VALCOM COMPUTER CENTER, https://www.vlcmtech.com/
Colorado Hi-Tech Solutions, Inc., http://www.coloradohitechsolutions.com/
STERLING LEDET & ASSOCIATES INC, https://www.ledet.com/?utm_source=Microsoft&utm_medium=listing&utm_campaign=marketing_profile
Complete Technology Solutions, http://www.systemconfidence.com/
JD Young | Geek Rescue, http://www.jdyoung.com/
Jackson Technical L.L.C., http://www.jacksontechnical.com/
Oaktree Software, Inc, http://www.oaktreestaffing.com/our-services/training/
Benes Enterprises, Inc. dba One of a Kind Solutions, https://oneofakind.solutions/
Oasis Technologies, Inc., https://oasis.tech/
BFK Enterprise, http://www.bedrisystems.com/
Emsco Electric Supply Co Inc, https://emscosolutions.com/
IT Resolutions of Oklahoma, LLC, http://www.itroo.com/
ThriveFast, LLC, http://www.thrivefast.com/
Stronghold Data, https://www.strongholddata.com/
OPSPRo, http://www.opspro.com/
Parr Hill Technologies, LLC, http://www.parrhill.com/
Integrated Business Technologies, https://www.ibtsupport.com/
CloudFactors LLC, http://www.cloudfactors.com/
High Plains Technology, http://www.hplains.com/
ULTRA INC, http://www.connectingpoint.biz/
VIP Technology Solutions Group, LLC, http://www.viptsg.com/
Bits of Technology, http://bitsoftechnology.com/
Paradigm Technologies, http://www.p-technologies.com/
Imperitiv, http://www.imperitiv.com/
Livewire Technologies, Inc., http://www.livewiretechnologies.com/
Corus360, http://www.corus360.com/
Arw Systems, LLC, http://www.viyu.net/
ThriveFast, LLC, http://www.thrivefast.com/
VLInteractive.com, https://www.vlinteractive.com/
Turnkey Technologies, Inc., http://www.turnkeytec.com/
Syvantis Technologies, Inc., http://www.syvantis.com/
Imperitiv, http://www.imperitiv.com/
Rand Group, LLC, http://www.randgroup.com/
ULTRA INC, http://www.connectingpoint.biz/
Levi, Ray & Shoup, Inc., http://www.lrs.com/
BKD, LLP, http://www.bkd.com/technologies
QCI, http://www.qci.com/
Nex-Tech Inc., https://www.nex-tech.com/Business/AdvertisingSolutions.aspx
Henson Group, http://www.hensongroup.com/
Phidiax, LLC, http://www.phidiax.com/
The Miller Group, http://www.themillergroup.com/
Tecnología y Servicios de Información S.A.S, http://www.tsi.com.co/
ISSQUARED, Inc., http://www.issquaredinc.com/
TechStar Consulting Inc, http://www.techstargroup.com/
Nimbus Logic LLC, http://nimbus-logic.com/
Corporate Technologies, http://www.gocorptech.com/
ENTRUST Technology Consulting Services, http://www.entrust.us.com/
Office 365 - A & E Technologies, LLC, http://www.ae-technologies.com/
Greystone Technology Group, Inc., https://www.greystonetech.com/
Carousel Industries of North America, Inc., https://www.carouselindustries.com/microsoft-365/
Cybercore Solutions, LLC, https://cybercoresolutions.com/
InterDyn BMI, http://www.interdynbmi.com/
GHA Technologies, https://www.gha-associates.com/
Lutz Technology, https://www.lutz.us/
Open Systems Technologies DE, LLC, http://www.ostusa.com/
Caltech Software Systems, Inc., https://www.caltech.com/
GadellNet Consulting Services LLC, http://gadellnet.com/
Tallan, Inc., http://www.tallan.com/
Heartland Business Systems, LLC., http://www.hbs.net/
ETC Computerland - Default Directory, http://www.etccomputerland.com/
TeraCloud, Inc., https://www.teracloud.us/
P & L Technology Inc., http://www.harlandts.com/
OTT, Inc., http://ott-inc.com/
Mytech Partners Inc, http://www.mytech.com/
Arctic Information Technology, Inc., http://www.arcticit.com/
Go West IT, Inc., http://www.gowestit.com/
Computer Integration Technologies Inc., http://cit-net.com/
ClearPointe, http://www.clearpointe.com/
JD Young | Geek Rescue, http://www.jdyoung.com/
Logicworks, http://www.logicworks.com/
Crayon Software Experts LLC, http://www.crayon.com/en-us
Eide Bailly LLP, http://www.eidebailly.com/technology
Dynamics Edge - San Jose, CA - 2935 N 1st, http://www.dynamicsedge.com/
Summit Group Software, http://www.summitgroupsoftware.com/
Anders Technology Advisors LLC, http://anderscpa.com/services/technology/
VALCOM COMPUTER CENTER, https://www.vlcmtech.com/
Nexus Technologies Inc, https://www.nexustek.com/
US Medical IT LLC, http://www.usmedicalit.com/
PEI, http://www.pei.com/
PowerObjects, http://www.powerobjects.com/
CCT Technologies, Inc., http://www.cland.com/
RSM Product Sales LLC, http://rsmus.com/
Align Communications Inc., http://www.align.com/
Tejes Services, Inc, http://www.tejes.com/
ManageWatch, http://www.managewatch.com/
XRM Services LLC, http://www.encloud9.com/
Minnesota IT Partners Inc., https://www.mnitpartners.com/
ELECTRIC INNOVATIONS, http://eicpro.com/
Squire and Associates, http://www.palacecomputers.com/
Synetics Computers, Inc., http://www.syneticstx.com/
EPM Strategy, http://www.epmstrategy.com/
Data Magic Computer Services Inc, https://www.datamagicinc.com/
YRSystems, http://www.yrsystems.com/
Simpatico Systems, https://www.simpaticosystems.com/
VLInteractive.com, https://www.vlinteractive.com/
Heartland Business Systems, LLC., http://www.hbs.net/
The Computer Man, Inc., http://www.tcmi.com/
Business Computer Services Inc, http://www.tsbsol.com/
High Point Networks, https://www.highpointnetworks.com/
Benes Enterprises, Inc. dba One of a Kind Solutions, https://oneofakind.solutions/
Wormy, https://www.wormy.com/
Virtual IT, http://www.govirtual-it.com/
TWIN STATE TECHNICAL SERVICES LTD, https://www.tsts.com/
Tecnología y Servicios de Información S.A.S, http://www.tsi.com.co/
Office 365 - A & E Technologies, LLC, http://www.ae-technologies.com/
ClearPointe, http://www.clearpointe.com/
ULTRA INC, http://www.connectingpoint.biz/
IMC Studios Incorporated, http://www.imctechnology.net/
CloudBoltz Solutions, https://cloudboltz.net/
CloudFactors LLC, http://www.cloudfactors.com/
Crayon Software Experts LLC, http://www.crayon.com/en-us
CCT Technologies, Inc., http://www.cland.com/
Superior Endeavors, Inc., http://www.superior-endeavors.com/
JXB Consulting, LLC, http://www.jxb.it/
GHA Technologies, https://www.gha-associates.com/
Venmar Systems, Inc, http://www.venmar.com/
AboutXtreme, http://aboutxtreme.com/
Aerie Consulting, http://www.aerieconsulting.com/index
BAM FM, http://www.bamfm.org/
Network Systems Plus Inc, http://www.netsysplus.com/
Nexus Technologies Inc, https://www.nexustek.com/
SOVRAN INC, http://www.sovran.com/
Binnacle Technologies, https://binnacle-it.com/
Data Network Group, Inc., http://www.dngnet.com/
RSM Product Sales LLC, http://rsmus.com/
Mytech Partners Inc, http://www.mytech.com/
GoDaddy.com, LLC, http://www.godaddy.com/
TechHouse, http://www.tech-house.com/
CCT Technologies, Inc., http://www.cland.com/
Machinelogic LLC, http://www.machinelogic.com/
Align Communications Inc., http://www.align.com/
Aureon, http://www.aureon.com/
Success Computer Consulting, Inc., http://successcomputerconsulting.com/
Techvera, LLC, https://techvera.com/
Total Cloud IT, https://totalcloudit.com/
BBTech Solutions, Inc., http://www.bbtechsolutions.com/
Alto Consulting & Training, http://www.altoconsulting.com/
Hbr Computer Stores Inc, http://www.hbrtech.com/
Sagiss, LLC, https://www.sagiss.com/
Infinet Solutions, Inc., http://www.omahait.com/
Prototype IT, http://www.prototypeit.net/
Tarrant Technology, http://tarranttech.com/
Aerie Consulting, http://www.aerieconsulting.com/index
Layer 3 Technology, http://www.layer3.biz/
OTT, Inc., http://ott-inc.com/
STERLING LEDET & ASSOCIATES INC, https://www.ledet.com/?utm_source=Microsoft&utm_medium=listing&utm_campaign=marketing_profile
TechHouse, http://www.tech-house.com/
Phidiax, LLC, http://www.phidiax.com/
Summit Group Software, http://www.summitgroupsoftware.com/
BEVCOMM, http://www.bevcomm.com/
Hanebutt Technologies, Inc., http://www.hanebutt.com/
Colorado Hi-Tech Solutions, Inc., http://www.coloradohitechsolutions.com/
BKD, LLP, http://www.bkd.com/technologies
Ray Business Technologies Pvt Ltd, http://www.raybiztech.com/
Workspace Communications (Master), https://www.workspacecommunications.com/
Aureon, http://www.aureon.com/
Intellicom Computer Consulting, http://www.intellicominc.com/
Anders Technology Advisors LLC, http://anderscpa.com/services/technology/
Corus360, http://www.corus360.com/
Catalyst Technology Group, Inc., http://www.catalysttg.com/
43Tc, https://43tc.com/
Tarrant Technology, http://tarranttech.com/
Falcon Technology Solutions, http://www.falcontech365.com/
Ampio Solutions, Inc., http://www.ampiosolutions.com/
Readypool Technical Services, https://www.nistassist.com/
Arw Systems, LLC, http://www.viyu.net/
303tech, https://303tech.com/
West Iowa Technology LLC, https://www.oxen.tech/
BFK Enterprise, http://www.bedrisystems.com/
Now It Connects Inc, http://www.nowitconnects.com/capabilities/
Armeta Solutions, Inc., http://www.armeta.com/
Eide Bailly LLP, http://www.eidebailly.com/technology
Siroco LLC, http://www.sirocotech.com/
Atb Technologies LLC, http://www.atb-tech.com/
ZERO POINT CORP, http://www.zeropointcorp.com/
HD MED-TV, http://www.cloudfirstinc.com/
Horizon Data Center Solutions, http://www.vazata.com/
247 Managed Network Solutions, Inc, http://www.247managed.com/
Concergent IT, A Division of UV&S, http://www.concergent.com/
The Miller Group, http://www.themillergroup.com/
ETC Computerland - Default Directory, http://www.etccomputerland.com/
Aftermarket Technologies, Inc., https://www.alliancetechpartners.com/
Hbr Computer Stores Inc, http://www.hbrtech.com/
THE FULCRUM GROUP INC, https://www.fulcrum.pro/
Nex-Tech Inc., https://www.nex-tech.com/Business/AdvertisingSolutions.aspx
Intellicom Computer Consulting, http://www.intellicominc.com/
KIDWELL TECHNOLOGIES, http://www.kidwellinc.com/
Redi Systems, http://www.redisystemsinc.com/
Squire and Associates, http://www.palacecomputers.com/
Summit Group Software, http://www.summitgroupsoftware.com/
West Iowa Technology LLC, https://www.oxen.tech/
Concergent IT, A Division of UV&S, http://www.concergent.com/
Essential IT Services, Inc, http://www.essentialits.com/
Cornerstone Design Development, Inc., http://www.cornerstonedata.com/
TkFast, Inc., https://www.tkfast.com/
Sleepy Lion Software, https://kryptosoft.com/services.aspx
Right-Tech Computer Solutions, LLC, http://www.rtcsolutions.com/
CW Specialists, http://www.cwspecialists.com/
P & L Technology Inc., http://www.harlandts.com/
Midwest Cloud Computing llc., http://midcloudcomputing.com/
Lutz Technology, https://www.lutz.us/
Core Technologies, Inc., http://www.coretech.us/
Infinet Solutions, Inc., http://www.omahait.com/
XRM Services LLC, http://www.encloud9.com/
RSM Product Sales LLC, http://rsmus.com/
Associated Computer Systems LTD, http://www.acsltd.com/
Compliance IT Solutions LLC, https://complianceitsolutions.com/home.html
INNOVATIVE SYSTEMS INC, http://www.isi.cc/
TeraCloud, Inc., https://www.teracloud.us/
CrystalTech Web Hosting, Inc., https://www.newtekone.com/
Computer Integration Technologies Inc., http://cit-net.com/
Arctic Information Technology, Inc., http://www.arcticit.com/
Cenetric, Inc., http://www.cenetric.com/
beiNVENTiV, http://www.beinventiv.com/
Sagiss, LLC, https://www.sagiss.com/
Prototype IT, http://www.prototypeit.net/
VALCOM COMPUTER CENTER, https://www.vlcmtech.com/
MB Consulting Group, Inc., http://www.contactmb.com/
Csi, L.L.C., http://www.csinov.com/index.php
Intelegain Technologies, http://www.intelegain.com/
Thinkspace It, http://www.thinkspaceit.com/
Data-Smart Computers, http://www.data-smart.com/
Losh Communications, Inc, http://losh.com/
Symmetrix Technologies, Llc., http://symmetrixtech.com/
